{"data":{"inputMin":[343.68463134765625,231.4427490234375,183.50918579101562,246.089111328125,407.4677734375,339.0850524902344,150.96751403808594,342.4966735839844,294.3383483886719,311.5372619628906,218.20811462402344,330.06329345703125,343.68463134765625,231.4427490234375,183.50918579101562,246.089111328125,407.4677734375,339.0850524902344,150.96751403808594,339.7278137207031,294.3383483886719,311.5372619628906,218.20811462402344,321.43292236328125,343.68463134765625,231.4427490234375,183.50918579101562,246.089111328125,407.4677734375,339.0850524902344,150.96751403808594,341.2976379394531,294.3383483886719,311.5372619628906,190.5277862548828,331.77960205078125,343.68463134765625,231.4427490234375,183.50918579101562,246.089111328125,407.4677734375,339.0850524902344,150.96751403808594,337.9828796386719,294.3383483886719,311.5372619628906,218.20811462402344,290.0668029785156,343.68463134765625,231.4427490234375,183.50918579101562,246.089111328125,407.4677734375,339.0850524902344,150.96751403808594,326.95562744140625,294.3383483886719,311.5372619628906,166.55067443847656,271.8797302246094,343.639892578125,230.87640380859375,185.4928741455078,245.39846801757812,407.1507263183594,338.5826110839844,150.7133331298828,314.5779724121094,294.898681640625,311.8414611816406,79.1839370727539,259.53179931640625,343.4555358886719,230.87173461914062,186.5736541748047,246.02381896972656,407.43792724609375,337.6883239746094,137.80259704589844,308.468017578125,300.7608947753906,313.8652038574219,85.13610076904297,303.1719055175781,343.4401550292969,230.49671936035156,187.0576629638672,245.97055053710938,406.9339904785156,337.93634033203125,141.7697296142578,308.95684814453125,299.6745300292969,313.07489013671875,45.20127487182617,287.9732360839844,342.3391418457031,229.961669921875,188.17393493652344,245.82725524902344,407.28240966796875,336.84918212890625,140.0743408203125,308.2794189453125,296.1441345214844,311.2734680175781,24.2814998626709,279.8182067871094],"inputMax":[364.1687927246094,286.60693359375,239.96109008789062,288.9309387207031,412.7543029785156,358.9009704589844,228.13320922851562,343.11834716796875,424.2806396484375,375.9402770996094,302.3096923828125,389.851318359375,366.0510559082031,285.8102722167969,240.77748107910156,286.9248352050781,411.8956604003906,353.5744934082031,221.7238311767578,342.4966735839844,424.5522155761719,374.0458984375,304.1518859863281,389.851318359375,371.1697692871094,289.23626708984375,240.83132934570312,289.79364013671875,407.7959899902344,354.1310729980469,189.98959350585938,342.4966735839844,421.8321533203125,375.849853515625,218.20811462402344,389.851318359375,376.59918212890625,288.6977233886719,251.59889221191406,287.7249450683594,416.14630126953125,363.7854309082031,163.288330078125,342.4966735839844,421.46881103515625,377.8763122558594,219.77442932128906,389.851318359375,377.4905090332031,290.6170349121094,250.8371124267578,284.1854553222656,415.67657470703125,366.338623046875,157.19561767578125,342.4966735839844,424.14837646484375,377.6552734375,218.20811462402344,389.851318359375,379.5731506347656,290.90899658203125,250.05203247070312,280.0971984863281,412.8157043457031,366.19171142578125,151.0497589111328,342.1261291503906,423.89947509765625,380.1438903808594,218.13336181640625,389.56817626953125,384.0902099609375,292.7529602050781,254.66258239746094,285.500244140625,411.92889404296875,369.6058654785156,150.92079162597656,342.0888671875,424.13427734375,378.6363830566406,218.49745178222656,389.009765625,386.5887756347656,290.7978210449219,261.6651611328125,287.6546325683594,412.7099304199219,367.025634765625,151.6025848388672,342.1191711425781,429.58319091796875,376.3730773925781,218.26161193847656,389.76275634765625,393.0887145996094,293.14068603515625,270.58624267578125,281.8947448730469,414.4925231933594,368.80096435546875,150.95068359375,342.2947082519531,429.8731994628906,376.6272888183594,218.4596710205078,389.3609924316406],"outputMin":0,"outputMax":1},"meta":{"inputUnits":108,"outputUnits":2,"inputs":{"input0":{"dtype":"number"},"input1":{"dtype":"number"},"input2":{"dtype":"number"},"input3":{"dtype":"number"},"input4":{"dtype":"number"},"input5":{"dtype":"number"},"input6":{"dtype":"number"},"input7":{"dtype":"number"},"input8":{"dtype":"number"},"input9":{"dtype":"number"},"input10":{"dtype":"number"},"input11":{"dtype":"number"},"input12":{"dtype":"number"},"input13":{"dtype":"number"},"input14":{"dtype":"number"},"input15":{"dtype":"number"},"input16":{"dtype":"number"},"input17":{"dtype":"number"},"input18":{"dtype":"number"},"input19":{"dtype":"number"},"input20":{"dtype":"number"},"input21":{"dtype":"number"},"input22":{"dtype":"number"},"input23":{"dtype":"number"},"input24":{"dtype":"number"},"input25":{"dtype":"number"},"input26":{"dtype":"number"},"input27":{"dtype":"number"},"input28":{"dtype":"number"},"input29":{"dtype":"number"},"input30":{"dtype":"number"},"input31":{"dtype":"number"},"input32":{"dtype":"number"},"input33":{"dtype":"number"},"input34":{"dtype":"number"},"input35":{"dtype":"number"},"input36":{"dtype":"number"},"input37":{"dtype":"number"},"input38":{"dtype":"number"},"input39":{"dtype":"number"},"input40":{"dtype":"number"},"input41":{"dtype":"number"},"input42":{"dtype":"number"},"input43":{"dtype":"number"},"input44":{"dtype":"number"},"input45":{"dtype":"number"},"input46":{"dtype":"number"},"input47":{"dtype":"number"},"input48":{"dtype":"number"},"input49":{"dtype":"number"},"input50":{"dtype":"number"},"input51":{"dtype":"number"},"input52":{"dtype":"number"},"input53":{"dtype":"number"},"input54":{"dtype":"number"},"input55":{"dtype":"number"},"input56":{"dtype":"number"},"input57":{"dtype":"number"},"input58":{"dtype":"number"},"input59":{"dtype":"number"},"input60":{"dtype":"number"},"input61":{"dtype":"number"},"input62":{"dtype":"number"},"input63":{"dtype":"number"},"input64":{"dtype":"number"},"input65":{"dtype":"number"},"input66":{"dtype":"number"},"input67":{"dtype":"number"},"input68":{"dtype":"number"},"input69":{"dtype":"number"},"input70":{"dtype":"number"},"input71":{"dtype":"number"},"input72":{"dtype":"number"},"input73":{"dtype":"number"},"input74":{"dtype":"number"},"input75":{"dtype":"number"},"input76":{"dtype":"number"},"input77":{"dtype":"number"},"input78":{"dtype":"number"},"input79":{"dtype":"number"},"input80":{"dtype":"number"},"input81":{"dtype":"number"},"input82":{"dtype":"number"},"input83":{"dtype":"number"},"input84":{"dtype":"number"},"input85":{"dtype":"number"},"input86":{"dtype":"number"},"input87":{"dtype":"number"},"input88":{"dtype":"number"},"input89":{"dtype":"number"},"input90":{"dtype":"number"},"input91":{"dtype":"number"},"input92":{"dtype":"number"},"input93":{"dtype":"number"},"input94":{"dtype":"number"},"input95":{"dtype":"number"},"input96":{"dtype":"number"},"input97":{"dtype":"number"},"input98":{"dtype":"number"},"input99":{"dtype":"number"},"input100":{"dtype":"number"},"input101":{"dtype":"number"},"input102":{"dtype":"number"},"input103":{"dtype":"number"},"input104":{"dtype":"number"},"input105":{"dtype":"number"},"input106":{"dtype":"number"},"input107":{"dtype":"number"}},"outputs":{"output0":{"dtype":"string","uniqueValues":["rightWave","leftWave"],"legend":{"rightWave":[1,0],"leftWave":[0,1]}}},"isNormalized":true}}