{"data":{"inputMin":[297.12628173828125,159.7966766357422,146.9049530029297,165.85391235351562,230.24803161621094,167.92271423339844,112.38504791259766,118.63745880126953,121.73094940185547,74.67923736572266,38.90476608276367,44.21400451660156,297.12628173828125,169.15362548828125,145.60621643066406,175.82199096679688,337.1302490234375,186.32421875,110.4319839477539,204.57510375976562,329.0751647949219,174.27911376953125,38.90476608276367,171.11935424804688,296.0625,169.15362548828125,145.60621643066406,175.82199096679688,337.1302490234375,181.376708984375,110.4319839477539,190.285888671875,323.38580322265625,174.27911376953125,43.64162826538086,168.67843627929688,292.3613586425781,168.45205688476562,144.81362915039062,175.1588592529297,332.1954345703125,179.59376525878906,109.73917388916016,175.47605895996094,316.03131103515625,165.76162719726562,50.38088607788086,134.01266479492188,287.6385803222656,167.6031951904297,144.66885375976562,174.06092834472656,319.624755859375,177.7593994140625,109.20013427734375,155.662841796875,275.5663146972656,165.2911834716797,54.480838775634766,96.3298568725586,286.441650390625,167.28123474121094,144.01158142089844,176.3896026611328,304.4649963378906,177.044921875,109.6681900024414,140.78961181640625,244.3208465576172,166.55282592773438,51.82095718383789,66.9499740600586,286.2427978515625,166.23687744140625,144.2001495361328,175.4908447265625,299.9344787597656,172.2674102783203,108.82378387451172,119.55541229248047,231.4169921875,155.9990997314453,43.815006256103516,46.688228607177734,0,0,0,0,0,0,0,0,0,0,0,0,0,0,0,0,0,0,0,0,0,0,0,0,0,0,0,0,0,0,0,0,0,0,0,0,0,0,0,0,0,0,0,0,0,0,0,0,0,0,0,0,0,0,0,0,0,0,0,0,0,0,0,0,0,0,0,0,0,0,0,0,0,0,0,0,0,0,0,0,0,0,0,0,0,0,0,0,0,0,0,0,0,0,0,0,0,0,0,0,0,0,0,0,0,0,0,0,0,0,0,0,0,0,0,0,0,0,0,0,0,0,0,0,0,0,0,0,0,0,0,0,0,0,0,0,0,0,0,0,0,0,0,0,0,0,0,0,0,0,0,0,0,0,0,0,0,0,0,0,0,0,0,0,0,0],"inputMax":[485.38616943359375,385.55914306640625,357.7691650390625,382.5743103027344,515.7850952148438,459.9881286621094,322.6075744628906,466.277099609375,562.897216796875,531.2294921875,395.01776123046875,540.6427612304688,485.38616943359375,386.1573791503906,357.7691650390625,382.5743103027344,515.7850952148438,459.9881286621094,296.9878234863281,466.277099609375,562.897216796875,531.2294921875,336.3548278808594,540.6427612304688,485.673583984375,386.1576843261719,357.49481201171875,382.1532287597656,516.8685913085938,459.3408203125,302.5394287109375,462.3297119140625,562.9439086914062,531.4406127929688,337.8067932128906,541.13232421875,485.7466125488281,386.419921875,358.08099365234375,381.8309020996094,518.6991577148438,457.4985046386719,303.18994140625,466.3249206542969,561.3103637695312,534.2056884765625,340.83917236328125,540.991943359375,486.04150390625,386.4736633300781,358.2218322753906,381.739990234375,518.7703857421875,457.5375671386719,303.0458068847656,464.2672424316406,558.0880737304688,534.3558959960938,364.1195983886719,539.216796875,485.4369812011719,385.6761779785156,357.7782897949219,382.06158447265625,520.063720703125,457.80279541015625,304.12518310546875,465.2466125488281,552.9456787109375,534.58984375,381.1310729980469,539.8005981445312,485.7237854003906,385.3945617675781,357.9656982421875,381.6567687988281,521.4360961914062,458.10919189453125,319.63336181640625,460.3000793457031,548.2061157226562,534.5401000976562,374.1947021484375,541.8658447265625,485.1390380859375,384.8641052246094,357.0785827636719,380.9570007324219,520.8330078125,458.24005126953125,325.8504333496094,453.5714416503906,537.4985961914062,534.1282958984375,410.14154052734375,533.1959228515625,482.8902587890625,384.7022399902344,354.0467224121094,380.7726135253906,521.3072509765625,458.30810546875,328.82159423828125,453.70306396484375,536.834228515625,532.5928344726562,431.7600402832031,533.705322265625,482.2537536621094,384.1831359863281,355.2635192871094,380.45880126953125,521.9422607421875,457.1033630371094,351.5178527832031,453.90936279296875,536.7898559570312,530.7926635742188,451.715576171875,534.9832763671875,482.32257080078125,384.3002624511719,357.52850341796875,380.0367736816406,521.0722045898438,455.969970703125,369.4452209472656,454.53472900390625,535.42724609375,531.13427734375,470.3506774902344,535.1141357421875,482.6881103515625,384.7360534667969,360.01458740234375,380.03460693359375,521.90234375,455.20294189453125,371.76959228515625,452.5400085449219,532.6388549804688,531.67919921875,472.7017822265625,534.2569580078125,481.09429931640625,384.5782165527344,360.0887145996094,379.6938171386719,520.9627075195312,456.244140625,393.4617614746094,454.2599792480469,531.8590698242188,531.2401733398438,472.9825134277344,535.3621215820312,479.7403564453125,384.2374267578125,361.4902648925781,380.9464416503906,519.4554443359375,456.12127685546875,396.1233825683594,455.20513916015625,527.1903686523438,531.017578125,513.017578125,535.01025390625,478.22259521484375,384.1607360839844,357.91937255859375,381.5965881347656,518.4117431640625,457.2072448730469,402.4103698730469,454.9858093261719,525.3207397460938,531.0699462890625,510.4365234375,535.692626953125,476.5082702636719,385.11932373046875,349.3199768066406,381.521484375,518.3004760742188,459.8627624511719,406.1541442871094,453.7028503417969,526.3015747070312,530.5144653320312,502.393310546875,534.5949096679688,476.69134521484375,385.9197692871094,339.7357482910156,382.0968017578125,518.0590209960938,459.3090515136719,415.96014404296875,462.3321838378906,525.6082153320312,529.3526611328125,496.5004577636719,534.3477172851562,476.5697326660156,385.1681823730469,333.69232177734375,381.7722473144531,517.8294067382812,459.4433898925781,417.25537109375,456.62109375,524.0060424804688,530.6211547851562,495.975341796875,536.4116821289062,476.9576110839844,384.2259521484375,331.63726806640625,381.2254943847656,517.864990234375,456.0634765625,418.4119873046875,458.5499572753906,522.7708129882812,529.730712890625,504.5169372558594,536.4998779296875,476.4297790527344,388.9322204589844,325.8011474609375,381.1971130371094,517.7877807617188,455.1175842285156,416.22222900390625,460.14459228515625,519.7337646484375,529.6558227539062,492.5560302734375,534.13134765625,476.3552551269531,384.1092834472656,327.3232421875,380.9721374511719,517.7600708007812,454.191650390625,417.56329345703125,458.7564697265625,519.9497680664062,529.401123046875],"outputMin":0,"outputMax":1},"meta":{"inputUnits":250,"outputUnits":4,"inputs":{"input0":{"dtype":"number"},"input1":{"dtype":"number"},"input2":{"dtype":"number"},"input3":{"dtype":"number"},"input4":{"dtype":"number"},"input5":{"dtype":"number"},"input6":{"dtype":"number"},"input7":{"dtype":"number"},"input8":{"dtype":"number"},"input9":{"dtype":"number"},"input10":{"dtype":"number"},"input11":{"dtype":"number"},"input12":{"dtype":"number"},"input13":{"dtype":"number"},"input14":{"dtype":"number"},"input15":{"dtype":"number"},"input16":{"dtype":"number"},"input17":{"dtype":"number"},"input18":{"dtype":"number"},"input19":{"dtype":"number"},"input20":{"dtype":"number"},"input21":{"dtype":"number"},"input22":{"dtype":"number"},"input23":{"dtype":"number"},"input24":{"dtype":"number"},"input25":{"dtype":"number"},"input26":{"dtype":"number"},"input27":{"dtype":"number"},"input28":{"dtype":"number"},"input29":{"dtype":"number"},"input30":{"dtype":"number"},"input31":{"dtype":"number"},"input32":{"dtype":"number"},"input33":{"dtype":"number"},"input34":{"dtype":"number"},"input35":{"dtype":"number"},"input36":{"dtype":"number"},"input37":{"dtype":"number"},"input38":{"dtype":"number"},"input39":{"dtype":"number"},"input40":{"dtype":"number"},"input41":{"dtype":"number"},"input42":{"dtype":"number"},"input43":{"dtype":"number"},"input44":{"dtype":"number"},"input45":{"dtype":"number"},"input46":{"dtype":"number"},"input47":{"dtype":"number"},"input48":{"dtype":"number"},"input49":{"dtype":"number"},"input50":{"dtype":"number"},"input51":{"dtype":"number"},"input52":{"dtype":"number"},"input53":{"dtype":"number"},"input54":{"dtype":"number"},