{"data":{"inputMin":[0,0,0,0,0,0,0,0,0,0,0,0,0,0,0,0,0,0,0,0,0,0,0,0,0,0,0,0,0,0,0,0,0,0,0,0,0,0,0,0,0,0,0,0,0,0,0,0,0,0,0,0,0,0,0,0,0,0,0,0,0,0,0,0,0,0,0,0,0,0,0,0,0,0,0,0,0,0,0,0,0,0,0,0,0,0,0,0,0,0,0,0,0,0,0,0,0,0,0,0,0,0,0,0,0,0,0,0,0,0,0,0,0,0,0,0,0,0,0,0,0,0,0,0,0,0,0,0,0,0,0,0,0,0,0,0,0,0,0,0,0,0,0,0,0,0,0,0,0,0,0,0,0,0,0,0,0,0,0,0,0,0,0,0,0,0,0,0,0,0,0,0,0,0,0,0,0,0,0,0,0,0,0,0,0,0,0,0,0,0,0,0,0,0,0,0,0,0,0,0,0,0,0,0,0,0,0,0,0,0,0,0,0,0,0,0,0,0,0,0,0,0,0,0,0,0,0,0,0,0,0,0,0,0,0,0,0,0,0,0,0,0,0,0,0,0,0,0,0,0],"inputMax":[528.9263916015625,505.72967529296875,533.010986328125,476.04168701171875,472.9833984375,531.2318115234375,495.0576171875,478.32049560546875,525.9979248046875,491.9698791503906,549.8441772460938,525.499267578125,522.7149047851562,504.95660400390625,520.2471313476562,475.5097961425781,491.90765380859375,531.2318115234375,478.9505310058594,465.90533447265625,526.724853515625,486.8027648925781,546.507568359375,524.5935668945312,513.0048828125,505.15093994140625,492.5881042480469,475.5849914550781,491.90765380859375,531.441650390625,476.8377990722656,470.3681640625,526.7599487304688,488.9862060546875,544.0927124023438,527.1013793945312,506.887451171875,504.3122863769531,458.3553161621094,477.4484558105469,492.00732421875,534.2112426757812,471.2900390625,464.77801513671875,528.5633544921875,488.947021484375,535.6103515625,526.9117431640625,499.28814697265625,505.0749816894531,453.52313232421875,477.4484558105469,490.0769958496094,533.5581665039062,469.6977233886719,473.26226806640625,529.9432373046875,487.0999755859375,528.2744140625,528.1199340820312,491.14971923828125,503.1412658691406,451.1117858886719,478.50146484375,487.1862487792969,534.5985107421875,464.82354736328125,477.9981689453125,529.32080078125,486.64532470703125,527.55908203125,528.29736328125,485.39898681640625,503.8032531738281,435.63153076171875,478.9002685546875,484.4211120605469,534.064453125,478.9014892578125,480.2064514160156,528.7981567382812,488.4571228027344,526.8749389648438,523.3197021484375,473.9141540527344,504.4882507324219,435.63153076171875,479.0600891113281,480.2479553222656,534.5407104492188,478.9014892578125,479.45562744140625,543.3397827148438,521.8214111328125,524.8079833984375,504.5831604003906,475.33160400390625,503.4984130859375,437.6029052734375,478.8563537597656,487.9111022949219,532.2282104492188,481.93341064453125,479.8848571777344,542.24267578125,530.55078125,519.9114990234375,504.5831604003906,475.31396484375,500.90875244140625,439.16290283203125,478.5206604003906,519.7603759765625,531.6349487304688,482.3275451660156,490.01483154296875,540.3878173828125,530.55078125,515.7808227539062,503.3765869140625,476.1900939941406,500.3213195800781,439.6742858886719,478.7198486328125,525.1690063476562,531.0598754882812,482.3275451660156,498.2023010253906,536.975341796875,530.16162109375,510.78515625,501.97747802734375,476.8574523925781,497.3763732910156,439.8536376953125,478.7855529785156,525.1690063476562,531.4150390625,482.4466247558594,498.2023010253906,534.3389892578125,530.638671875,505.4013366699219,501.7020263671875,476.7582702636719,494.8507080078125,527.9957275390625,478.4171142578125,524.7686157226562,531.1249389648438,480.59332275390625,499.07611083984375,532.7749633789062,530.6390380859375,502.6329040527344,504.66278076171875,477.0973205566406,494.7257385253906,527.9957275390625,477.30908203125,524.3445434570312,531.1874389648438,477.7655944824219,498.51678466796875,526.1707153320312,529.6575317382812,495.07330322265625,503.685546875,477.7442932128906,506.8874206542969,522.9558715820312,470.26959228515625,521.6410522460938,530.8807373046875,474.9753112792969,497.452392578125,518.364013671875,529.6439819335938,487.1576232910156,504.1690368652344,562.9027099609375,497.5699768066406,508.5622863769531,496.1832580566406,508.83935546875,530.6205444335938,470.923828125,495.4947814941406,509.8258972167969,530.181640625,487.5352783203125,504.25494384765625,562.9027099609375,493.8665466308594,494.37725830078125,498.9792785644531,491.2870178222656,530.5175170898438,478.35894775390625,496.3628845214844,498.9298095703125,530.717529296875,539.4002075195312,501.399658203125,562.949462890625,495.0875549316406,459.1057434082031,498.9792785644531,491.2718505859375,530.0615234375,493.6299743652344,494.0518493652344,491.7579345703125,531.18017578125,539.4002075195312,501.6165771484375,559.9437866210938,475.501220703125,428.6938781738281,498.62872314453125,490.1766662597656,530.3167114257812,494.91314697265625,493.7244873046875,520.9911499023438,528.7567749023438,539.4961547851562,508.7184753417969,554.6873779296875,475.5744934082031,472.7018737792969,497.4087219238281,493.4295959472656,529.6358642578125,497.0715026855469,502.72161865234375,548.6060791015625,528.0919799804688,532.7080688476562,505.72967529296875,548.2064819335938,476.5864562988281,472.9814453125,496.23388671875,492.3327331542969,529.600830078125,453.4676208496094,491.0111389160156,548.6060791015625,525.91162109375],"outputMin":0,"outputMax":1},"meta":{"inputUnits":250,"outputUnits":2,"inputs":{"input0":{"dtype":"number"},"input1":{"dtype":"number"},"input2":{"dtype":"number"},"input3":{"dtype":"number"},"input4":{"dtype":"number"},"input5":{"dtype":"number"},"input6":{"dtype":"number"},"input7":{"dtype":"number"},"input8":{"dtype":"number"},"input9":{"dtype":"number"},"input10":{"dtype":"number"},"input11":{"dtype":"number"},"input12":{"dtype":"number"},"input13":{"dtype":"number"},"input14":{"dtype":"number"},"input15":{"dtype":"number"},"input16":{"dtype":"number"},"input17":{"dtype":"number"},"input18":{"dtype":"number"},"input19":{"dtype":"number"},"input20":{"dtype":"number"},"input21":{"dtype":"number"},"input22":{"dtype":"number"},"input23":{"dtype":"number"},"input24":{"dtype":"number"},"input25":{"dtype":"number"},"input26":{"dtype":"number"},"input27":{"dtype":"number"},"input28":{"dtype":"number"},"input29":{"dtype":"number"},"input30":{"dtype":"number"},"input31":{"dtype":"number"},"input32":{"dtype":"number"},"input33":{"dtype":"number"},"input34":{"dtype":"number"},"input35":{"dtype":"number"},"input36":{"dtype":"number"},"input37":{"dtype":"number"},"input38":{"dtype":"number"},"input39":{"dtype":"number"},"input40":{"dtype":"number"},"input41":{"dtype":"number"},"input42":{"dtype":"number"},"input43":{"dtype":"number"},"input44":{"dtype":"number"},"input45":{"dtype":"number"},"input46":{"dtype":"number"},"input47":{"dtype":"number"},"input48":{"dtype":"number"},"input49":{"dtype":"number"},"input50":{"dtype":"number"},"input51":{"dtype":"number"},"input52":{"dtype":"number"},"input53":{"dtype":"number"},"input54":{"dtype":"number"},"input55":{"dtype":"number"},"input56":{"dtype":"number"},"input57":{"dtype":"number"},"input58":{"dtype":"number"},"input59":{"dtype":"number"},"input60":{"dtype":"number"},"input61":{"dtype":"number"},"input62":{"dtype":"number"},"input63":{"dtype":"number"},"input64":{"dtype":"number"},"input65":{"dtype":"number"},"input66":{"dtype":"number"},"input67":{"dtype":"number"},"input68":{"dtype":"number"},"input69":{"dtype":"number"},"input70":{"dtype":"number"},"input71":{"dtype":"number"},"input72":{"dtype":"number"},"input73":{"dtype":"number"},"input74":{"dtype":"number"},"input75":{"dtype":"number"},"input76":{"dtype":"number"},"input77":{"dtype":"number"},"input78":{"dtype":"number"},"input79":{"dtype":"number"},"input80":{"dtype":"number"},"input81":{"dtype":"number"},"input82":{"dtype":"number"},"input83":{"dtype":"number"},"input84":{"dtype":"number"},"input85":{"dtype":"number"},"input86":{"dtype":"number"},"input87":{"dtype":"number"},"input88":{"dtype":"number"},"input89":{"dtype":"number"},"input90":{"dtype":"number"},"input91":{"dtype":"number"},"input92":{"dtype":"number"},"input93":{"dtype":"number"},"input94":{"dtype":"number"},"input95":{"dtype":"number"},"input96":{"dtype":"number"},"input97":{"dtype":"number"},"input98":{"dtype":"number"},"input99":{"dtype":"number"},"input100":{"dtype":"number"},"input101":{"dtype":"number"},