{"data":{"inputMin":[0,0,0,0,0,0,0,0,0,0,0,0,0,0,0,0,0,0,0,0,0,0,0,0,0,0,0,0,0,0,0,0,0,0,0,0,0,0,0,0,0,0,0,0,0,0,0,0,0,0,0,0,0,0,0,0,0,0,0,0,0,0,0,0,0,0,0,0,0,0,0,0,0,0,0,0,0,0,0,0,0,0,0,0,0,0,0,0,0,0,0,0,0,0,0,0,0,0,0,0,0,0,0,0,0,0,0,0,0,0,0,0,0,0,0,0,0,0,0,0,0,0,0,0,0,0,0,0,0,0,0,0,0,0,0,0,0,0,0,0,0,0,0,0,0,0,0,0,0,0,0,0,0,0,0,0,0,0,0,0,0,0,0,0,0,0,0,0,0,0,0,0,0,0,0,0,0,0,0,0,0,0,0,0,0,0,0,0,0,0,0,0,0,0,0,0,0,0,0,0,0,0,0,0,0,0,0,0,0,0,0,0,0,0,0,0,0,0,0,0,0,0,0,0,0,0,0,0,0,0,0,0,0,0,0,0,0,0,0,0,0,0,0,0,0,0,0,0,0,0],"inputMax":[520.273681640625,521.4125366210938,492.5072937011719,536.7029418945312,516.678466796875,509.0939025878906,473.62548828125,524.7615966796875,526.000244140625,531.017578125,544.0931396484375,513.138427734375,520.0262451171875,522.1292724609375,487.8116760253906,539.7838745117188,516.8165893554688,495.07794189453125,470.0578308105469,522.6785888671875,526.000244140625,530.876953125,535.6129150390625,514.049072265625,519.9497680664062,528.0980224609375,487.4328308105469,539.8005981445312,516.7811279296875,495.1290283203125,515.7850952148438,522.3147583007812,526.7594604492188,530.6151733398438,537.8546752929688,518.9957885742188,504.5868225097656,540.5496826171875,487.9103088378906,541.8658447265625,516.10107421875,498.6639709472656,543.3482055664062,530.5510864257812,528.563720703125,529.6190185546875,537.8546752929688,540.6427612304688,502.0403137207031,540.5496826171875,487.9103088378906,526.5479736328125,515.6582641601562,496.3524475097656,543.3482055664062,530.5510864257812,530.070068359375,529.3526611328125,538.79248046875,542.2753295898438,492.123291015625,541.13232421875,488.4716796875,507.8195495605469,513.0784912109375,497.2097473144531,540.3909912109375,529.7696533203125,529.3189697265625,530.6211547851562,540.6940307617188,538.6668090820312,489.6309814453125,541.1593017578125,488.44195556640625,505.1268310546875,510.75628662109375,499.34344482421875,536.97265625,530.3845825195312,528.8004150390625,529.730712890625,540.3436889648438,538.145263671875,491.2602233886719,539.9522705078125,488.6327819824219,504.671142578125,485.81231689453125,499.27960205078125,536.1299438476562,530.635498046875,528.0326538085938,529.6558227539062,540.4428100585938,538.1535034179688,494.5332336425781,538.6377563476562,513.6201782226562,503.71636962890625,485.81231689453125,499.5260925292969,532.7720336914062,531.2294921875,520.4298095703125,529.3037109375,540.5844116210938,527.1494750976562,500.1794128417969,537.9129638671875,513.557861328125,505.4050598144531,485.31005859375,501.093017578125,526.1754150390625,531.2294921875,519.5673828125,530.4376220703125,537.4985961914062,513.6870727539062,500.84320068359375,536.2238159179688,513.5501098632812,505.4143371582031,483.9643249511719,502.2503662109375,524.8084716796875,531.4406127929688,517.8505249023438,521.0264282226562,536.7427978515625,515.5006713867188,562.897216796875,534.2569580078125,514.6820678710938,506.89984130859375,487.3641052246094,502.2503662109375,521.9422607421875,534.2056884765625,515.6292114257812,515.4598388671875,536.7898559570312,515.7078247070312,562.897216796875,534.9832763671875,514.3082885742188,501.9179382324219,487.3641052246094,525.0692749023438,521.0722045898438,534.3558959960938,510.0289306640625,508.4409484863281,535.42724609375,516.7249145507812,562.9439086914062,534.037109375,514.0147705078125,499.07550048828125,481.4913635253906,525.0692749023438,521.90234375,534.5963134765625,507.3627624511719,508.6435241699219,539.4091796875,518.7708129882812,559.9440307617188,534.4382934570312,513.5339965820312,498.51763916015625,480.6816101074219,521.4761962890625,520.9627075195312,534.0631103515625,498.9388427734375,508.0828857421875,539.4091796875,518.7026977539062,558.0880737304688,535.3621215820312,513.54345703125,522.2272338867188,479.955078125,524.1790771484375,519.4554443359375,534.1282958984375,492.205078125,505.1341552734375,534.4351806640625,517.3026123046875,552.9456787109375,535.01025390625,514.0276489257812,531.808837890625,479.1011047363281,525.6813354492188,518.4117431640625,532.5928344726562,490.20147705078125,506.2585144042969,530.6112670898438,517.9161376953125,544.0423583984375,535.692626953125,514.4454345703125,531.8423461914062,478.4776916503906,528.529052734375,518.394287109375,531.009033203125,548.6096801757812,505.9349670410156,528.9301147460938,519.6603393554688,533.0232543945312,535.9232788085938,515.5150146484375,533.5469360351562,479.2593688964844,532.2327880859375,518.093017578125,531.13427734375,548.6096801757812,507.1208190917969,521.291015625,521.1744384765625,520.2532958984375,535.9232788085938,515.6860961914062,532.5092163085938,481.5470275878906,527.8623046875,517.8294067382812,531.67919921875,549.847412109375,505.47589111328125,520.6853637695312,520.5078125,492.59381103515625,536.4116821289062,517.0574951171875,524.052490234375,474.9814453125,526.7363891601562,518.405029296875,531.2401733398438,546.5108642578125,500.0193786621094],"outputMin":0,"outputMax":1},"meta":{"inputUnits":250,"outputUnits":4,"inputs":{"input0":{"dtype":"number"},"input1":{"dtype":"number"},"input2":{"dtype":"number"},"input3":{"dtype":"number"},"input4":{"dtype":"number"},"input5":{"dtype":"number"},"input6":{"dtype":"number"},"input7":{"dtype":"number"},"input8":{"dtype":"number"},"input9":{"dtype":"number"},"input10":{"dtype":"number"},"input11":{"dtype":"number"},"input12":{"dtype":"number"},"input13":{"dtype":"number"},"input14":{"dtype":"number"},"input15":{"dtype":"number"},"input16":{"dtype":"number"},"input17":{"dtype":"number"},"input18":{"dtype":"number"},"input19":{"dtype":"number"},"input20":{"dtype":"number"},"input21":{"dtype":"number"},"input22":{"dtype":"number"},"input23":{"dtype":"number"},"input24":{"dtype":"number"},"input25":{"dtype":"number"},"input26":{"dtype":"number"},"input27":{"dtype":"number"},"input28":{"dtype":"number"},"input29":{"dtype":"number"},"input30":{"dtype":"number"},"input31":{"dtype":"number"},"input32":{"dtype":"number"},"input33":{"dtype":"number"},"input34":{"dtype":"number"},"input35":{"dtype":"number"},"input36":{"dtype":"number"},"input37":{"dtype":"number"},"input38":{"dtype":"number"},"input39":{"dtype":"number"},"input40":{"dtype":"number"},"input41":{"dtype":"number"},"input42":{"dtype":"number"},"input43":{"dtype":"number"},"input44":{"dtype":"number"},"input45":{"dtype":"number"},"input46":{"dtype":"number"},"input47":{"dtype":"number"},"input48":{"dtype":"number"},"input49":{"dtype":"number"},"input50":{"dtype":"number"},"input51":{"dtype":"number"},"input52":{"dtype":"number"},"input53":{"dtype":"number"},"input54":{"dtype":"number"},"input55":{"dtype":"number"},"input56":{"dtype":"number"},"input57":{"dtype":"number"},"input58":{"dtype":"number"},"input59":{"dtype":"number"},"input60":{"dtype":"number"},"input61":{"dtype":"number"},"input62":{"dtype":"number"},"input63":{"dtype":"number"},"input64":{"dtype":"number"},"input65":{"dtype":"number"},"input66":{"dtype":"number"},"input67":{"dtype":"number"},"input68":{"dtype":"number"},"input69":{"dtype":"number"},"input70":{"dtype":"number"},"input71":{"dtype":"number"},"input72":{"dtype":"number"},"input73":{"dtype":"number"},"input74":{"dtype":"number"},"input75":{"dtype":"number"},"input76":{"dtype":"number"},"input77":{"dtype":"number"},"input78":{"dtype":"number"},"input79":{"dtype":"number"},"input80":{"dtype":"number"},"input81":{"dtype":"number"},"input82":{"dtype":"number"},"input83":{"dtype":"number"},"input84":{"dtype":"number"},"input85":{"dtype":"number"},"input86":{"dtype":"number"},"input87":{"dtype":"number"},"input88":{"dtype":"number"},"input89":{"dtype":"number"},"input90":{"dtype":"number"},"input91":{"dtype":"number"},"input92":{"dtype":"number"},"input93":{"dtype":"number"},"input94":{"dtype":"number"},"input95":{"dtype":"number"},"input96":{"dtype":"number"},"input97":{"dtype":"number"},"input98":{"dtype":"number"},"input99":{"dtype":"number"},"input100":{"dtype":"number"},"input101":{"dtype":"number"},"input102":{"dtype":"number"},