{"data":{"inputMin":[293.2827453613281,159.7966766357422,145.60621643066406,165.85391235351562,191.69290161132812,167.92271423339844,110.4319839477539,118.63745880126953,91.00178527832031,74.67923736572266,77.1671142578125,44.21400451660156,297.12628173828125,169.15362548828125,145.0403289794922,175.82199096679688,337.1302490234375,186.32421875,110.65049743652344,204.57510375976562,330.4478759765625,174.27911376953125,38.90476608276367,171.11935424804688,296.8359680175781,168.45205688476562,144.7119140625,175.1588592529297,337.1302490234375,181.13841247558594,109.60208892822266,204.57510375976562,329.0751647949219,165.76162719726562,38.90476608276367,171.11935424804688,292.3613586425781,167.6031951904297,144.01158142089844,174.06092834472656,325.2850341796875,178.44027709960938,109.6681900024414,190.285888671875,297.5371398925781,165.2911834716797,43.64162826538086,151.89761352539062,287.6385803222656,167.28123474121094,144.2001495361328,176.3896026611328,312.8714599609375,177.8512725830078,108.82378387451172,162.97177124023438,262.51226806640625,167.47915649414062,47.033206939697266,96.3298568725586,286.441650390625,166.23687744140625,144.6203155517578,175.4908447265625,304.4649963378906,176.5265655517578,108.91313171386719,149.11532592773438,244.3208465576172,166.55282592773438,43.815006256103516,71.4112777709961,286.2427978515625,166.3450164794922,144.80990600585938,173.57757568359375,292.95599365234375,170.87860107421875,109.42689514160156,140.57127380371094,221.36239624023438,162.5245361328125,57.36708068847656,66.9499740600586,286.7746276855469,164.4938507080078,145.63719177246094,172.872802734375,287.6953430175781,174.37030029296875,109.66026306152344,129.2239990234375,210.10438537597656,169.89990234375,49.72308349609375,57.14744567871094,0,0,0,0,0,0,0,0,0,0,0,0,0,0,0,0,0,0,0,0,0,0,0,0,0,0,0,0,0,0,0,0,0,0,0,0,0,0,0,0,0,0,0,0,0,0,0,0,0,0,0,0,0,0,0,0,0,0,0,0,0,0,0,0,0,0,0,0,0,0,0,0,0,0,0,0,0,0,0,0,0,0,0,0,0,0,0,0,0,0,0,0,0,0,0,0,0,0,0,0,0,0,0,0,0,0,0,0,0,0,0,0,0,0,0,0,0,0,0,0,0,0,0,0,0,0,0,0,0,0,0,0,0,0,0,0,0,0,0,0,0,0,0,0,0,0,0,0,0,0,0,0,0,0],"inputMax":[485.38616943359375,385.2107849121094,357.7691650390625,381.390869140625,513.6201782226562,459.9881286621094,416.2249755859375,457.6328430175781,562.897216796875,531.2294921875,507.3926086425781,540.6427612304688,485.4624938964844,385.55914306640625,357.7729187011719,382.5743103027344,515.7850952148438,459.9881286621094,302.0386657714844,466.277099609375,562.897216796875,531.2294921875,336.3548278808594,540.6427612304688,486.1377258300781,385.55914306640625,358.5676574707031,382.4471435546875,516.0812377929688,459.3408203125,303.50732421875,466.2845458984375,562.9439086914062,531.4406127929688,364.1195983886719,540.6510009765625,486.04150390625,386.12542724609375,358.2218322753906,382.1532287597656,518.4771728515625,457.5240783691406,304.12518310546875,462.3297119140625,559.9440307617188,534.2056884765625,381.1310729980469,541.13232421875,485.5464172363281,386.28985595703125,358.1482238769531,381.8309020996094,518.6991577148438,457.3406982421875,319.63336181640625,466.3249206542969,558.0880737304688,533.5558471679688,372.11822509765625,540.991943359375,485.4647216796875,386.419921875,357.9646301269531,381.739990234375,519.6265869140625,457.4985046386719,325.8504333496094,464.2672424316406,552.9456787109375,534.5963134765625,410.14154052734375,539.8005981445312,485.1390380859375,386.2736511230469,357.0785827636719,382.06158447265625,520.4574584960938,457.59393310546875,328.82159423828125,465.2466125488281,544.0423583984375,534.0631103515625,412.49468994140625,541.8658447265625,483.6585388183594,385.6761779785156,356.11151123046875,381.6567687988281,521.0884399414062,457.6446838378906,322.6701965332031,460.3000793457031,540.361572265625,534.1282958984375,413.7835388183594,536.2238159179688,482.0780334472656,385.31787109375,354.85284423828125,381.39886474609375,520.8330078125,457.83966064453125,315.3860778808594,456.4979553222656,537.4985961914062,532.5928344726562,388.971923828125,533.3058471679688,482.32257080078125,384.8641052246094,357.52850341796875,380.7726135253906,521.7612915039062,458.05633544921875,339.2505187988281,453.90936279296875,536.7427978515625,531.6336669921875,434.6484680175781,534.9832763671875,482.27117919921875,384.4438171386719,358.2597961425781,380.0367736816406,522.1547241210938,458.24005126953125,358.29266357421875,454.53472900390625,537.0537719726562,531.0587158203125,468.17083740234375,535.1141357421875,482.495849609375,384.8100891113281,359.98712158203125,379.7166442871094,521.0722045898438,458.30810546875,369.86151123046875,452.40728759765625,535.42724609375,531.4129638671875,471.6778869628906,534.2569580078125,480.426513671875,384.9487609863281,359.5674743652344,380.60662841796875,521.90234375,455.969970703125,371.76959228515625,454.2599792480469,532.6388549804688,531.1232299804688,472.7017822265625,535.3621215820312,478.30352783203125,384.5782165527344,355.9237976074219,381.3554382324219,520.1866455078125,455.22149658203125,385.6511535644531,455.20513916015625,529.1828002929688,531.2401733398438,472.9825134277344,535.01025390625,477.5024108886719,384.2374267578125,353.2470703125,381.4173889160156,519.4554443359375,456.244140625,394.7308349609375,454.9858093261719,527.1903686523438,531.017578125,472.9866638183594,535.692626953125,475.6937561035156,383.9991149902344,349.3199768066406,381.96246337890625,518.4117431640625,456.7667236328125,393.9849853515625,453.7028503417969,526.3015747070312,531.0699462890625,485.47967529296875,534.5949096679688,476.5082702636719,383.8638000488281,339.7357482910156,381.8450622558594,518.3004760742188,455.6339416503906,398.47882080078125,464.50689697265625,525.6082153320312,530.6151733398438,510.4365234375,534.3477172851562,476.1562194824219,383.9855651855469,333.69232177734375,382.0968017578125,518.093017578125,456.4832763671875,398.79742431640625,456.62109375,524.0060424804688,530.370361328125,506.9007263183594,536.4116821289062,476.5697326660156,384.5738525390625,331.63726806640625,381.2254943847656,517.8294067382812,459.9521484375,410.783447265625,458.5499572753906,522.7708129882812,530.2869262695312,499.2938537597656,536.4998779296875,476.9576110839844,385.4950256347656,325.5982360839844,381.406982421875,517.864990234375,459.8826599121094,415.96014404296875,460.14459228515625,520.273681640625,529.3526611328125,496.5004577636719,534.13134765625,476.682861328125,385.9197692871094,325.8137512207031,380.7752990722656,517.756591796875,459.3090515136719,417.3977355957031,458.7564697265625,520.0262451171875,530.6211547851562],"outputMin":0,"outputMax":1},"meta":{"inputUnits":250,"outputUnits":4,"inputs":{"input0":{"dtype":"number"},"input1":{"dtype":"number"},"input2":{"dtype":"number"},"input3":{"dtype":"number"},"input4":{"dtype":"number"},"input5":{"dtype":"number"},"input6":{"dtype":"number"},"input7":{"dtype":"number"},"input8":{"dtype":"number"},"input9":{"dtype":"number"},"input10":{"dtype":"number"},"input11":{"dtype":"number"},"input12":{"dtype":"number"},"input13":{"dtype":"number"},"input14":{"dtype":"number"},"input15":{"dtype":"number"},"input16":{"dtype":"number"},"input17":{"dtype":"number"},"input18":{"dtype":"number"},"input19":{"dtype":"number"},"input20":{"dtype":"number"},"input21":{"dtype":"number"},"input22":{"dtype":"number"},"input23":{"dtype":"number"},"input24":{"dtype":"number"},"input25":{"dtype":"number"},"input26":{"dtype":"number"},"input27":{"dtype":"number"},"input28":{"dtype":"number"},"input29":{"dtype":"number"},"input30":{"dtype":"number"},"input31":{"dtype":"number"},"input32":{"dtype":"number"},"input33":{"dtype":"number"},"input34":{"dtype":"number"},"input35":{"dtype":"number"},"input36":{"dtype":"number"},"input37":{"dtype":"number"},"input38":{"dtype":"number"},"input39":{"dtype":"number"},"input40":{"dtype":"number"},"input41":{"dtype":"number"},"input42":{"dtype":"number"},"input43":{"dtype":"number"},"input44":{"dtype":"number"},"input45":{"dtype":"number"},"input46":{"dtype":"number"},